Name|Description|Deadline
Eu Ultrices|Libero, proin sed turpis nec mauris blandit mattis, cras eget nisi dictum augu.|1600732249
Quam Institute|Vivamus sit amet risus, donec egestas, aliquam nec enim, nunc ut erat, sed nun.|1600777919
Non Inc.|Cras eu tellus eu augue porttitor interdum, sed auctor odio a purus, duis elem.|1607275849
Ornare Ltd|Malesuada fames ac turpis egestas, fusce aliquet magna a neque, nullam ut nisi.|1609688474
Cursus Associates|Eleifend egestas, sed pharetra, felis eget varius ultrices, mauris ipsum porta.|1600209887
Mauris Institute|Mus, aenean eget magna, suspendisse tristique neque venenatis lacus, etiam bib.|1600843469
Magna Malesuada|Eget lacus, mauris non dui nec urna suscipit nonummy, fusce fermentum fermentu.|1607051462
Amet Ultricies|Ornare, libero at auctor ullamcorper, nisl arcu iaculis enim, sit amet ornare .|1602651263
Vehicula PC|Magnis dis parturient montes, nascetur ridiculus mus, proin vel nisl, quisque .|1603469699
In Incorporated|Pharetra nibh, aliquam ornare, libero at auctor ullamcorper, nisl arcu iaculis.|1602444988
Euismod|Pede et risus, quisque libero lacus, varius et, euismod et, commodo at, libero.|1602862248
Vehicula Tincidunt|Nunc est, mollis non, cursus non, egestas a, dui, cras pellentesque, sed dictu.|1604674664
Lobortis|Tellus id nunc interdum feugiat, sed nec metus facilisis lorem tristique aliqu.|1609427831